""|"テーマパーク優待プラン"|"Thursday"|"5"|"1"|"off"|"on"|"on"|"武田晴信"|"電話でのご連絡"|"12345678901"|""|"off"|"部屋指定なし"|"57000"|"BlackBerryPlayBook"|""
""|"カップル限定プラン"|"Friday"|"2"|"2"|"on"|"on"|"on"|"真田昌虎"|"電話でのご連絡"|"23456789012"|""|"144文字"|"プレミアムツイン"|"40000"|"BlackBerryPlayBook"|""
""|"素泊まり"|"Saturday"|"9"|"2"|"on"|"off"|"off"|"山本寛太"|"メールでのご連絡"|""|"kanta@example.com"|"144文字"|"シングル"|"128000"|"BlackBerryPlayBook"|""
""|"エステ・マッサージプラン"|"Monday"|"1"|"6"|"on"|"off"|"on"|"武田信子"|"メールでのご連絡"|""|"offbuko@example.com"|"off"|"部屋指定なし"|"66000"|"BlackBerryPlayBook"|""
""|"お得な特典付きプラン"|"Tuesday"|"1"|"9"|"on"|"on"|"off"|"長尾景虎"|"電話でのご連絡"|"34567890123"|""|"off"|"スタンダードツイン"|"81000"|"BlackBerryPlayBook"|""
""|"お得な特典付きプラン"|"Monday"|"1"|"1"|"off"|"off"|"off"|"宇佐美一昌"|"希望しない"|""|""|"off"|"スタンダードツイン"|"7000"|"BlackBerryZ30"|""
""|"カップル限定プラン"|"Thursday"|"2"|"2"|"on"|"on"|"on"|"直江愛子"|"メールでのご連絡"|""|"aiko@example.com"|"144文字"|"プレミアムツイン"|"40000"|"BlackBerryZ30"|""
""|"出張ビジネスプラン"|"Saturday"|"1"|"1"|"off"|"off"|"on"|"柿崎家時"|"電話でのご連絡"|"45678901234"|""|"144文字"|"シングル"|"10375"|"GalaxyS5"|""
""|"貸し切り露天風呂プラン"|"Sunday"|"3"|"1"|"on"|"on"|"on"|"武田晴信"|"電話でのご連絡"|"56789012345"|""|"off"|"部屋指定なし"|"34250"|"GalaxyS5"|""
""|"お得な特典付きプラン"|"Wednesday"|"9"|"1"|"off"|"on"|"off"|"真田昌虎"|"希望しない"|""|""|"off"|"スタンダードツイン"|"67500"|"GalaxyS5"|""
""|"テーマパーク優待プラン"|"Friday"|"5"|"9"|"on"|"on"|"off"|"山本寛太"|"メールでのご連絡"|""|"kanta@example.com"|"144文字"|"部屋指定なし"|"549000"|"GalaxyS5"|""
""|"貸し切り露天風呂プラン"|"Sunday"|"3"|"6"|"off"|"off"|"off"|"武田信子"|"メールでのご連絡"|""|"offbuko@example.com"|"off"|"部屋指定なし"|"175500"|"iPad"|""
""|"素泊まり"|"Friday"|"1"|"1"|"on"|"on"|"off"|"長尾景虎"|"電話でのご連絡"|"67890123456"|""|"off"|"シングル"|"7500"|"iPad_Mini"|""
""|"出張ビジネスプラン"|"Tuesday"|"9"|"2"|"on"|"off"|"off"|"宇佐美一昌"|"希望しない"|""|""|"144文字"|"シングル"|"160500"|"iPad_Mini"|""
""|"お得な特典付きプラン"|"Saturday"|"1"|"9"|"off"|"off"|"off"|"直江愛子"|"電話でのご連絡"|"78901234567"|""|"off"|"スタンダードツイン"|"78750"|"iPad_Mini"|""
""|"素泊まり"|"Friday"|"1"|"2"|"off"|"on"|"off"|"柿崎家時"|"メールでのご連絡"|""|"ietoki@example.com"|"144文字"|"シングル"|"13000"|"iPad_PRO"|""
""|"出張ビジネスプラン"|"Wednesday"|"9"|"2"|"off"|"on"|"off"|"武田晴信"|"希望しない"|""|""|"off"|"シングル"|"144500"|"iPad_PRO"|""
""|"エステ・マッサージプラン"|"Tuesday"|"9"|"6"|"off"|"on"|"off"|"真田昌虎"|"メールでのご連絡"|""|"masatora@example.com"|"144文字"|"部屋指定なし"|"519000"|"iPad_PRO"|""
""|"お得な特典付きプラン"|"Sunday"|"1"|"9"|"off"|"on"|"off"|"山本寛太"|"メールでのご連絡"|""|"kanta@example.com"|"off"|"スタンダードツイン"|"87750"|"iPad_PRO"|""
""|"素泊まり"|"Wednesday"|"1"|"1"|"off"|"off"|"off"|"武田信子"|"電話でのご連絡"|"89012345678"|""|"144文字"|"シングル"|"5500"|"iPhone_5"|""
""|"出張ビジネスプラン"|"Friday"|"9"|"2"|"off"|"off"|"off"|"長尾景虎"|"電話でのご連絡"|"90123456789"|""|"off"|"シングル"|"146250"|"iPhone_5"|""
""|"エステ・マッサージプラン"|"Monday"|"1"|"6"|"on"|"off"|"off"|"宇佐美一昌"|"希望しない"|""|""|"144文字"|"部屋指定なし"|"60000"|"iPhone_5"|""
""|"素泊まり"|"Wednesday"|"1"|"1"|"off"|"on"|"on"|"直江愛子"|"電話でのご連絡"|"01234567890"|""|"144文字"|"シングル"|"7500"|"iPhone_678"|""
""|"出張ビジネスプラン"|"Thursday"|"9"|"2"|"on"|"off"|"off"|"柿崎家時"|"希望しない"|""|""|"off"|"シングル"|"160500"|"iPhone_678"|""
""|"エステ・マッサージプラン"|"Wednesday"|"9"|"6"|"off"|"on"|"off"|"武田晴信"|"電話でのご連絡"|"12345678901"|""|"144文字"|"部屋指定なし"|"519000"|"iPhone_678"|""
""|"テーマパーク優待プラン"|"Monday"|"5"|"9"|"off"|"on"|"on"|"真田昌虎"|"希望しない"|""|""|"off"|"部屋指定なし"|"468000"|"iPhone_678"|""
""|"エステ・マッサージプラン"|"Saturday"|"1"|"6"|"off"|"off"|"on"|"山本寛太"|"電話でのご連絡"|"23456789012"|""|"off"|"部屋指定なし"|"73500"|"iPhone_678_PLUS"|""
""|"貸し切り露天風呂プラン"|"Saturday"|"1"|"6"|"off"|"off"|"off"|"武田信子"|"希望しない"|""|""|"off"|"部屋指定なし"|"67500"|"iPhone_678_PLUS"|""
""|"テーマパーク優待プラン"|"Monday"|"5"|"9"|"off"|"on"|"off"|"長尾景虎"|"希望しない"|""|""|"off"|"部屋指定なし"|"459000"|"iPhone_678_PLUS"|""
""|"カップル限定プラン"|"Tuesday"|"2"|"2"|"on"|"on"|"on"|"宇佐美一昌"|"希望しない"|""|""|"144文字"|"プレミアムツイン"|"40000"|"iPhone_X"|""
""|"出張ビジネスプラン"|"Thursday"|"9"|"2"|"on"|"off"|"on"|"直江愛子"|"電話でのご連絡"|"34567890123"|""|"off"|"シングル"|"162500"|"iPhone_X"|""
""|"テーマパーク優待プラン"|"Monday"|"5"|"9"|"on"|"off"|"on"|"柿崎家時"|"メールでのご連絡"|""|"ietoki@example.com"|"off"|"部屋指定なし"|"504000"|"iPhone_X"|""
""|"素泊まり"|"Friday"|"9"|"1"|"off"|"off"|"on"|"武田晴信"|"電話でのご連絡"|"45678901234"|""|"off"|"シングル"|"54625"|"KindleFireHDX"|""
""|"出張ビジネスプラン"|"Thursday"|"1"|"2"|"off"|"on"|"off"|"真田昌虎"|"メールでのご連絡"|""|"masatora@example.com"|"144文字"|"シングル"|"17000"|"KindleFireHDX"|""
""|"カップル限定プラン"|"Saturday"|"2"|"2"|"off"|"off"|"off"|"山本寛太"|"電話でのご連絡"|"56789012345"|""|"144文字"|"プレミアムツイン"|"40000"|"KindleFireHDX"|""
""|"貸し切り露天風呂プラン"|"Sunday"|"3"|"6"|"off"|"on"|"off"|"武田信子"|"希望しない"|""|""|"144文字"|"部屋指定なし"|"181500"|"KindleFireHDX"|""
""|"出張ビジネスプラン"|"Wednesday"|"9"|"1"|"on"|"on"|"off"|"長尾景虎"|"電話でのご連絡"|"67890123456"|""|"off"|"シングル"|"81250"|"LaptopHiDPI"|""
""|"貸し切り露天風呂プラン"|"Saturday"|"3"|"6"|"on"|"off"|"on"|"宇佐美一昌"|"希望しない"|""|""|"144文字"|"部屋指定なし"|"213000"|"LaptopHiDPI"|""
""|"テーマパーク優待プラン"|"Wednesday"|"5"|"9"|"on"|"on"|"on"|"直江愛子"|"希望しない"|""|""|"144文字"|"部屋指定なし"|"558000"|"LaptopHiDPI"|""
""|"テーマパーク優待プラン"|"Thursday"|"5"|"1"|"on"|"off"|"on"|"柿崎家時"|"メールでのご連絡"|""|"ietoki@example.com"|"off"|"部屋指定なし"|"61000"|"Laptoptouch"|""
""|"貸し切り露天風呂プラン"|"Saturday"|"3"|"6"|"off"|"on"|"on"|"武田晴信"|"希望しない"|""|""|"off"|"部屋指定なし"|"201000"|"Laptoptouch"|""
""|"お得な特典付きプラン"|"Sunday"|"9"|"1"|"off"|"off"|"on"|"真田昌虎"|"電話でのご連絡"|"78901234567"|""|"off"|"スタンダードツイン"|"69250"|"MicrosoftLumia950"|""
""|"素泊まり"|"Wednesday"|"9"|"1"|"off"|"off"|"off"|"山本寛太"|"電話でのご連絡"|"89012345678"|""|"off"|"シングル"|"52250"|"MicrosoftLumia950"|""
""|"出張ビジネスプラン"|"Saturday"|"9"|"2"|"on"|"off"|"off"|"武田信子"|"メールでのご連絡"|""|"offbuko@example.com"|"144文字"|"シングル"|"168000"|"MicrosoftLumia950"|""
""|"貸し切り露天風呂プラン"|"Thursday"|"3"|"6"|"on"|"off"|"off"|"長尾景虎"|"電話でのご連絡"|""|""|"off"|"部屋指定なし"|"193500"|"MicrosoftLumia950"|""
""|"テーマパーク優待プラン"|"Sunday"|"5"|"9"|"off"|"on"|"on"|"宇佐美一昌"|"希望しない"|""|""|"144文字"|"部屋指定なし"|"490500"|"MicrosoftLumia950"|""
""|"お得な特典付きプラン"|"Wednesday"|"9"|"1"|"on"|"on"|"on"|"直江愛子"|"電話でのご連絡"|"90123456789"|""|"144文字"|"スタンダードツイン"|"77500"|"MotoG4"|""
""|"素泊まり"|"Thursday"|"1"|"2"|"off"|"off"|"off"|"柿崎家時"|"希望しない"|""|""|"144文字"|"シングル"|"11000"|"MotoG4"|""
""|"カップル限定プラン"|"Thursday"|"2"|"2"|"on"|"off"|"on"|"武田晴信"|"メールでのご連絡"|""|"haruoffbu@example.com"|"off"|"プレミアムツイン"|"38000"|"MotoG4"|""
""|"エステ・マッサージプラン"|"Sunday"|"9"|"6"|"on"|"off"|"off"|"真田昌虎"|"メールでのご連絡"|""|"masatora@example.com"|"144文字"|"部屋指定なし"|"580500"|"MotoG4"|""
""|"素泊まり"|"Thursday"|"1"|"2"|"on"|"on"|"on"|"山本寛太"|"希望しない"|""|""|"144文字"|"シングル"|"17000"|"Nexus10"|""
""|"カップル限定プラン"|"Monday"|"2"|"2"|"off"|"off"|"on"|"武田信子"|"メールでのご連絡"|""|"offbuko@example.com"|"off"|"プレミアムツイン"|"34000"|"Nexus10"|""
""|"出張ビジネスプラン"|"Wednesday"|"9"|"2"|"off"|"on"|"off"|"長尾景虎"|"希望しない"|""|""|"off"|"シングル"|"144500"|"Nexus10"|""
""|"エステ・マッサージプラン"|"Monday"|"1"|"1"|"off"|"on"|"on"|"宇佐美一昌"|"メールでのご連絡"|""|"kazumasa@example.com"|"144文字"|"部屋指定なし"|"11000"|"Nexus4"|""
""|"素泊まり"|"Friday"|"9"|"1"|"off"|"off"|"off"|"直江愛子"|"希望しない"|""|""|"off"|"シングル"|"53625"|"Nexus4"|""
""|"カップル限定プラン"|"Saturday"|"2"|"2"|"off"|"off"|"off"|"柿崎家時"|"電話でのご連絡"|"01234567890"|""|"off"|"プレミアムツイン"|"40000"|"Nexus4"|""
""|"カップル限定プラン"|"Wednesday"|"2"|"2"|"on"|"on"|"on"|"武田晴信"|"メールでのご連絡"|""|"haruoffbu@example.com"|"144文字"|"プレミアムツイン"|"40000"|"Nexus5"|""
""|"エステ・マッサージプラン"|"Saturday"|"1"|"6"|"off"|"off"|"off"|"真田昌虎"|"メールでのご連絡"|""|"masatora@example.com"|"off"|"部屋指定なし"|"67500"|"Nexus5"|""
""|"貸し切り露天風呂プラン"|"Monday"|"3"|"6"|"off"|"on"|"off"|"山本寛太"|"電話でのご連絡"|"12345678901"|""|"144文字"|"部屋指定なし"|"168000"|"Nexus5"|""
""|"カップル限定プラン"|"Thursday"|"2"|"2"|"off"|"off"|"off"|"武田信子"|"電話でのご連絡"|"23456789012"|""|"off"|"プレミアムツイン"|"32000"|"Nexus5X"|""
""|"エステ・マッサージプラン"|"Saturday"|"9"|"6"|"on"|"on"|"off"|"長尾景虎"|"メールでのご連絡"|""|"kagetora@example.com"|"144文字"|"部屋指定なし"|"600000"|"Nexus5X"|""
""|"エステ・マッサージプラン"|"Monday"|"1"|"1"|"off"|"on"|"on"|"宇佐美一昌"|"希望しない"|""|""|"off"|"部屋指定なし"|"11000"|"Nexus6"|""
""|"テーマパーク優待プラン"|"Tuesday"|"5"|"1"|"off"|"on"|"off"|"直江愛子"|"電話でのご連絡"|"34567890123"|""|"144文字"|"部屋指定なし"|"53500"|"Nexus6"|""
""|"貸し切り露天風呂プラン"|"Friday"|"1"|"6"|"off"|"on"|"off"|"柿崎家時"|"希望しない"|""|""|"off"|"部屋指定なし"|"60000"|"Nexus6"|""
""|"お得な特典付きプラン"|"Monday"|"9"|"1"|"on"|"on"|"off"|"武田晴信"|"希望しない"|""|""|"off"|"スタンダードツイン"|"76500"|"Nexus6P"|""
""|"カップル限定プラン"|"Saturday"|"1"|"2"|"off"|"off"|"off"|"真田昌虎"|"希望しない"|""|""|"off"|"プレミアムツイン"|"20000"|"Nexus6P"|""
""|"テーマパーク優待プラン"|"Tuesday"|"5"|"9"|"on"|"on"|"off"|"山本寛太"|"電話でのご連絡"|"45678901234"|""|"off"|"部屋指定なし"|"526500"|"Nexus6P"|""
""|"エステ・マッサージプラン"|"Sunday"|"9"|"1"|"on"|"on"|"off"|"武田信子"|"電話でのご連絡"|"56789012345"|""|"off"|"部屋指定なし"|"97750"|"Nexus7"|""
""|"出張ビジネスプラン"|"Tuesday"|"1"|"2"|"on"|"off"|"off"|"長尾景虎"|"電話でのご連絡"|"67890123456"|""|"off"|"シングル"|"17000"|"Nexus7"|""
""|"素泊まり"|"Thursday"|"1"|"2"|"on"|"off"|"on"|"宇佐美一昌"|"希望しない"|""|""|"144文字"|"シングル"|"15000"|"Nexus7"|""
""|"カップル限定プラン"|"Sunday"|"2"|"2"|"on"|"on"|"on"|"直江愛子"|"メールでのご連絡"|""|"aiko@example.com"|"144文字"|"プレミアムツイン"|"44000"|"Nexus7"|""
""|"貸し切り露天風呂プラン"|"Thursday"|"3"|"6"|"on"|"off"|"on"|"柿崎家時"|"電話でのご連絡"|"78901234567"|""|"144文字"|"部屋指定なし"|"199500"|"Nexus7"|""
""|"お得な特典付きプラン"|"Monday"|"9"|"9"|"on"|"on"|"on"|"武田晴信"|"希望しない"|""|""|"144文字"|"スタンダードツイン"|"697500"|"Nexus7"|""
""|"テーマパーク優待プラン"|"Monday"|"5"|"1"|"off"|"off"|"off"|"真田昌虎"|"メールでのご連絡"|""|"masatora@example.com"|"144文字"|"部屋指定なし"|"50000"|"NokiaN9"|""
""|"カップル限定プラン"|"Thursday"|"2"|"2"|"on"|"off"|"off"|"山本寛太"|"電話でのご連絡"|"89012345678"|""|"144文字"|"プレミアムツイン"|"36000"|"NokiaN9"|""
""|"エステ・マッサージプラン"|"Thursday"|"1"|"6"|"off"|"off"|"on"|"武田信子"|"メールでのご連絡"|""|"offbuko@example.com"|"144文字"|"部屋指定なし"|"60000"|"NokiaN9"|""
""|"貸し切り露天風呂プラン"|"Friday"|"3"|"6"|"on"|"on"|"on"|"長尾景虎"|"希望しない"|""|""|"144文字"|"部屋指定なし"|"219000"|"NokiaN9"|""
""|"お得な特典付きプラン"|"Monday"|"9"|"1"|"on"|"on"|"off"|"宇佐美一昌"|"メールでのご連絡"|""|"kazumasa@example.com"|"off"|"スタンダードツイン"|"76500"|"Pixel2"|""
""|"出張ビジネスプラン"|"Tuesday"|"9"|"2"|"off"|"off"|"off"|"直江愛子"|"電話でのご連絡"|"90123456789"|""|"144文字"|"シングル"|"142500"|"Pixel2"|""
""|"貸し切り露天風呂プラン"|"Sunday"|"3"|"6"|"off"|"on"|"on"|"柿崎家時"|"希望しない"|""|""|"144文字"|"部屋指定なし"|"187500"|"Pixel2"|""
""|"テーマパーク優待プラン"|"Wednesday"|"5"|"9"|"off"|"on"|"on"|"武田晴信"|"メールでのご連絡"|""|"haruoffbu@example.com"|"144文字"|"部屋指定なし"|"513000"|"Pixel2"|""
""|"テーマパーク優待プラン"|"Wednesday"|"5"|"1"|"off"|"off"|"off"|"真田昌虎"|"メールでのご連絡"|""|"masatora@example.com"|"off"|"部屋指定なし"|"55000"|"Pixel2_XL"|""
""|"出張ビジネスプラン"|"Sunday"|"9"|"1"|"on"|"on"|"on"|"山本寛太"|"希望しない"|""|""|"144文字"|"シングル"|"84125"|"Pixel2_XL"|""
""|"素泊まり"|"Sunday"|"9"|"2"|"off"|"off"|"off"|"武田信子"|"メールでのご連絡"|""|"offbuko@example.com"|"off"|"シングル"|"107250"|"Pixel2_XL"|""
""|"エステ・マッサージプラン"|"Tuesday"|"9"|"6"|"on"|"off"|"on"|"長尾景虎"|"電話でのご連絡"|"01234567890"|""|"off"|"部屋指定なし"|"573000"|"Pixel2_XL"|""
""|"お得な特典付きプラン"|"Friday"|"9"|"9"|"off"|"on"|"on"|"宇佐美一昌"|"希望しない"|""|""|"144文字"|"スタンダードツイン"|"632250"|"Pixel2_XL"|""
""|"出張ビジネスプラン"|"Sunday"|"9"|"2"|"on"|"off"|"on"|""|"希望しない"|""|""|"off"|"シングル"|"166250"|"BlackBerryPlayBook"|""
""|"お得なプラン"|"Friday"|"1"|"9"|"off"|"on"|"off"|""|"希望しない"|""|""|"off"|"部屋指定なし"|"63000"|"BlackBerryPlayBook"|""
""|"素泊まり"|"Tuesday"|"9"|"2"|"on"|"on"|"on"|""|"メールでのご連絡"|""|""|"144文字"|"シングル"|"126500"|"BlackBerryZ30"|""
""|"貸し切り露天風呂プラン"|"Friday"|"3"|"6"|"off"|"off"|"on"|""|"メールでのご連絡"|""|""|"off"|"部屋指定なし"|"195000"|"BlackBerryZ30"|""
""|"エステ・マッサージプラン"|"Tuesday"|"9"|"6"|"off"|"on"|"off"|""|"電話でのご連絡"|""|""|"off"|"部屋指定なし"|"519000"|"BlackBerryZ30"|""
""|"素泊まり"|"Saturday"|"9"|"2"|"on"|"off"|"on"|""|"電話でのご連絡"|""|""|"off"|"シングル"|"130000"|"GalaxyS5"|""
""|"ディナー付きプラン"|"Tuesday"|"3"|"4名"|"on"|"on"|"off"|""|"電話でのご連絡"|""|""|"off"|"部屋指定なし"|"118000"|"GalaxyS5"|""
""|"エステ・マッサージプラン"|"Thursday"|"9"|"6"|"off"|"off"|"off"|""|"希望しない"|""|""|"off"|"部屋指定なし"|"513000"|"GalaxyS5"|""
""|"お得なプラン"|"Friday"|"9"|"9"|"on"|"on"|"off"|""|"希望しない"|""|""|"144文字"|"部屋指定なし"|"616500"|"GalaxyS5"|""
""|"お得な特典付きプラン"|"Saturday"|"1"|"1"|"on"|"off"|"on"|""|"メールでのご連絡"|""|""|"off"|"スタンダードツイン"|"10750"|"iPad"|""
""|"素泊まり"|"Sunday"|"1"|"2"|"on"|"on"|"off"|""|"メールでのご連絡"|""|""|"144文字"|"シングル"|"17750"|"iPad"|""
""|"ディナー付きプラン"|"Wednesday"|"1"|"4名"|"on"|"off"|"on"|""|"希望しない"|""|""|"off"|"部屋指定なし"|"42000"|"iPad"|""
""|"テーマパーク優待プラン"|"Tuesday"|"5"|"9"|"on"|"on"|"on"|""|"希望しない"|""|""|"off"|"部屋指定なし"|"535500"|"iPad"|""
""|"お得なプラン"|"Thursday"|"9"|"9"|"off"|"off"|"on"|""|"希望しない"|""|""|"off"|"部屋指定なし"|"522000"|"iPad"|""
""|"貸し切り露天風呂プラン"|"Monday"|"3"|"1"|"on"|"off"|"off"|""|"メールでのご連絡"|""|""|"144文字"|"部屋指定なし"|"30000"|"iPad_Mini"|""
""|"カップル限定プラン"|"Saturday"|"2"|"2"|"off"|"on"|"off"|""|"電話でのご連絡"|""|""|"144文字"|"プレミアムツイン"|"42000"|"iPad_Mini"|""
""|"テーマパーク優待プラン"|"Wednesday"|"5"|"9"|"on"|"on"|"on"|""|"電話でのご連絡"|""|""|"144文字"|"部屋指定なし"|"558000"|"iPad_Mini"|""
""|"テーマパーク優待プラン"|"Saturday"|"5"|"1"|"off"|"on"|"off"|""|"メールでのご連絡"|""|""|"144文字"|"部屋指定なし"|"56000"|"iPad_PRO"|""
""|"カップル限定プラン"|"Sunday"|"2"|"2"|"on"|"on"|"off"|""|"電話でのご連絡"|""|""|"144文字"|"プレミアムツイン"|"42000"|"iPad_PRO"|""
""|"ディナー付きプラン"|"Thursday"|"3"|"4名"|"on"|"on"|"on"|""|"メールでのご連絡"|""|""|"off"|"部屋指定なし"|"130500"|"iPad_PRO"|""
""|"お得なプラン"|"Monday"|"1"|"9"|"off"|"on"|"on"|""|"メールでのご連絡"|""|""|"off"|"部屋指定なし"|"72000"|"iPad_PRO"|""
""|"ディナー付きプラン"|"Thursday"|"3"|"4名"|"off"|"off"|"off"|""|"メールでのご連絡"|""|""|"off"|"部屋指定なし"|"110500"|"iPhone_5"|""
""|"貸し切り露天風呂プラン"|"Saturday"|"1"|"6"|"off"|"off"|"off"|""|"希望しない"|""|""|"off"|"部屋指定なし"|"67500"|"iPhone_5"|""
""|"テーマパーク優待プラン"|"Saturday"|"5"|"9"|"on"|"off"|"off"|""|"メールでのご連絡"|""|""|"144文字"|"部屋指定なし"|"540000"|"iPhone_5"|""
""|"お得な特典付きプラン"|"Friday"|"1"|"1"|"off"|"on"|"on"|""|"メールでのご連絡"|""|""|"144文字"|"スタンダードツイン"|"9000"|"iPhone_678"|""
""|"カップル限定プラン"|"Sunday"|"2"|"2"|"off"|"on"|"on"|""|"希望しない"|""|""|"144文字"|"プレミアムツイン"|"40000"|"iPhone_678"|""
""|"ディナー付きプラン"|"Saturday"|"1"|"4名"|"on"|"off"|"off"|""|"電話でのご連絡"|""|""|"144文字"|"部屋指定なし"|"46500"|"iPhone_678"|""
""|"お得な特典付きプラン"|"Friday"|"1"|"1"|"on"|"on"|"on"|""|"電話でのご連絡"|""|""|"144文字"|"スタンダードツイン"|"10000"|"iPhone_678_PLUS"|""
""|"素泊まり"|"Friday"|"9"|"1"|"on"|"off"|"on"|""|"電話でのご連絡"|""|""|"off"|"シングル"|"63625"|"iPhone_678_PLUS"|""
""|"ディナー付きプラン"|"Thursday"|"3"|"4名"|"on"|"off"|"off"|""|"希望しない"|""|""|"144文字"|"部屋指定なし"|"122500"|"iPhone_678_PLUS"|""
""|"お得なプラン"|"Saturday"|"9"|"9"|"on"|"on"|"off"|""|"メールでのご連絡"|""|""|"144文字"|"部屋指定なし"|"630000"|"iPhone_678_PLUS"|""
""|"ディナー付きプラン"|"Sunday"|"3"|"1"|"off"|"off"|"off"|""|"メールでのご連絡"|""|""|"off"|"部屋指定なし"|"27625"|"iPhone_X"|""
""|"素泊まり"|"Thursday"|"1"|"2"|"off"|"off"|"off"|""|"希望しない"|""|""|"144文字"|"シングル"|"11000"|"iPhone_X"|""
""|"お得な特典付きプラン"|"Wednesday"|"9"|"9"|"off"|"on"|"off"|""|"希望しない"|""|""|"off"|"スタンダードツイン"|"607500"|"iPhone_X"|""
""|"ディナー付きプラン"|"Tuesday"|"1"|"4名"|"on"|"on"|"on"|""|"電話でのご連絡"|""|""|"144文字"|"部屋指定なし"|"46000"|"KindleFireHDX"|""
""|"お得なプラン"|"Monday"|"9"|"9"|"off"|"on"|"on"|""|"希望しない"|""|""|"144文字"|"部屋指定なし"|"531000"|"KindleFireHDX"|""
""|"カップル限定プラン"|"Friday"|"2"|"2"|"off"|"off"|"off"|""|"メールでのご連絡"|""|""|"off"|"プレミアムツイン"|"36000"|"LaptopHiDPI"|""
""|"素泊まり"|"Sunday"|"9"|"2"|"on"|"off"|"off"|""|"希望しない"|""|""|"off"|"シングル"|"125250"|"LaptopHiDPI"|""
""|"素泊まり"|"Monday"|"1"|"1"|"off"|"off"|"off"|""|"電話でのご連絡"|""|""|"off"|"シングル"|"5500"|"Laptoptouch"|""
""|"カップル限定プラン"|"Monday"|"2"|"2"|"off"|"on"|"on"|""|"メールでのご連絡"|""|""|"144文字"|"プレミアムツイン"|"36000"|"MicrosoftLumia950"|""
""|"ディナー付きプラン"|"Tuesday"|"3"|"4名"|"off"|"on"|"off"|""|"電話でのご連絡"|""|""|"off"|"部屋指定なし"|"106000"|"MicrosoftLumia950"|""
""|"エステ・マッサージプラン"|"Friday"|"1"|"6"|"on"|"on"|"on"|""|"メールでのご連絡"|""|""|"off"|"部屋指定なし"|"72000"|"MicrosoftLumia950"|""
""|"お得なプラン"|"Thursday"|"9"|"9"|"off"|"on"|"off"|""|"電話でのご連絡"|""|""|"off"|"部屋指定なし"|"522000"|"MicrosoftLumia950"|""
""|"出張ビジネスプラン"|"Monday"|"1"|"1"|"off"|"on"|"on"|""|"希望しない"|""|""|"144文字"|"シングル"|"9500"|"MotoG4"|""
""|"ディナー付きプラン"|"Saturday"|"3"|"4名"|"off"|"on"|"off"|""|"希望しない"|""|""|"off"|"部屋指定なし"|"123000"|"MotoG4"|""
""|"お得なプラン"|"Saturday"|"9"|"1"|"off"|"off"|"on"|""|"希望しない"|""|""|"144文字"|"部屋指定なし"|"61000"|"Nexus10"|""
""|"エステ・マッサージプラン"|"Wednesday"|"9"|"6"|"off"|"off"|"off"|""|"電話でのご連絡"|""|""|"off"|"部屋指定なし"|"513000"|"Nexus10"|""
""|"お得な特典付きプラン"|"Tuesday"|"9"|"9"|"off"|"off"|"on"|""|"メールでのご連絡"|""|""|"144文字"|"スタンダードツイン"|"607500"|"Nexus10"|""
""|"お得な特典付きプラン"|"Monday"|"1"|"1"|"off"|"off"|"off"|""|"希望しない"|""|""|"off"|"スタンダードツイン"|"7000"|"Nexus4"|""
""|"出張ビジネスプラン"|"Thursday"|"1"|"1"|"on"|"on"|"off"|""|"希望しない"|""|""|"off"|"シングル"|"9500"|"Nexus4"|""
""|"貸し切り露天風呂プラン"|"Wednesday"|"3"|"6"|"on"|"off"|"on"|""|"メールでのご連絡"|""|""|"off"|"部屋指定なし"|"186000"|"Nexus4"|""
""|"お得なプラン"|"Thursday"|"1"|"9"|"off"|"on"|"on"|""|"メールでのご連絡"|""|""|"off"|"部屋指定なし"|"72000"|"Nexus4"|""
""|"ディナー付きプラン"|"Friday"|"3"|"4名"|"off"|"off"|"off"|""|"希望しない"|""|""|"off"|"部屋指定なし"|"119000"|"Nexus5"|""
""|"出張ビジネスプラン"|"Thursday"|"9"|"1"|"off"|"on"|"on"|""|"メールでのご連絡"|""|""|"off"|"シングル"|"73250"|"Nexus5X"|""
""|"素泊まり"|"Wednesday"|"9"|"2"|"off"|"off"|"off"|""|"電話でのご連絡"|""|""|"off"|"シングル"|"104500"|"Nexus5X"|""
""|"ディナー付きプラン"|"Friday"|"3"|"4名"|"off"|"on"|"on"|""|"希望しない"|""|""|"144文字"|"部屋指定なし"|"127000"|"Nexus5X"|""
""|"貸し切り露天風呂プラン"|"Sunday"|"3"|"6"|"on"|"off"|"on"|""|"メールでのご連絡"|""|""|"off"|"部屋指定なし"|"199500"|"Nexus5X"|""
""|"テーマパーク優待プラン"|"Tuesday"|"5"|"9"|"on"|"on"|"on"|""|"メールでのご連絡"|""|""|"144文字"|"部屋指定なし"|"535500"|"Nexus5X"|""
""|"お得なプラン"|"Wednesday"|"9"|"9"|"off"|"on"|"on"|""|"希望しない"|""|""|"144文字"|"部屋指定なし"|"531000"|"Nexus5X"|""
""|"出張ビジネスプラン"|"Thursday"|"9"|"1"|"off"|"off"|"off"|""|"希望しない"|""|""|"off"|"シングル"|"71250"|"Nexus6"|""
""|"カップル限定プラン"|"Saturday"|"2"|"2"|"on"|"off"|"off"|""|"メールでのご連絡"|""|""|"144文字"|"プレミアムツイン"|"44000"|"Nexus6"|""
""|"お得なプラン"|"Friday"|"9"|"1"|"off"|"on"|"on"|""|"電話でのご連絡"|""|""|"off"|"部屋指定なし"|"60500"|"Nexus6P"|""
""|"カップル限定プラン"|"Sunday"|"2"|"2"|"off"|"off"|"on"|""|"メールでのご連絡"|""|""|"144文字"|"プレミアムツイン"|"38000"|"Nexus6P"|""
""|"テーマパーク優待プラン"|"Friday"|"1"|"1"|"off"|"off"|"off"|""|"電話でのご連絡"|""|""|"off"|"部屋指定なし"|"10000"|"Nexus7"|""
""|"テーマパーク優待プラン"|"Tuesday"|"5"|"1"|"off"|"on"|"on"|""|"電話でのご連絡"|""|""|"off"|"部屋指定なし"|"54500"|"Nexus7"|""
""|"素泊まり"|"Sunday"|"1"|"1"|"on"|"on"|"off"|""|"希望しない"|""|""|"off"|"シングル"|"8875"|"NokiaN9"|""
""|"お得なプラン"|"Tuesday"|"9"|"9"|"off"|"off"|"off"|""|"電話でのご連絡"|""|""|"off"|"部屋指定なし"|"513000"|"NokiaN9"|""
""|"カップル限定プラン"|"Friday"|"2"|"2"|"off"|"on"|"on"|""|"メールでのご連絡"|""|""|"144文字"|"プレミアムツイン"|"40000"|"Pixel2"|""
""|"ディナー付きプラン"|"Tuesday"|"3"|"4名"|"off"|"off"|"off"|""|"希望しない"|""|""|"144文字"|"部屋指定なし"|"102000"|"Pixel2"|""
""|"貸し切り露天風呂プラン"|"Wednesday"|"3"|"1"|"off"|"on"|"off"|""|"電話でのご連絡"|""|""|"144文字"|"部屋指定なし"|"28000"|"Pixel2_XL"|""
""|"ディナー付きプラン"|"Monday"|"3"|"4名"|"on"|"on"|"on"|""|"希望しない"|""|""|"144文字"|"部屋指定なし"|"122000"|"Pixel2_XL"|""
""|"貸し切り露天風呂プラン"|"Wednesday"|"3"|"1"|"on"|"on"|"on"|""|"電話でのご連絡"|""|""|"144文字"|"部屋指定なし"|"32000"|"BlackBerryPlayBook"|""
""|"ディナー付きプラン"|"Wednesday"|"3"|"4名"|"off"|"on"|"off"|""|"電話でのご連絡"|""|""|"144文字"|"部屋指定なし"|"106000"|"BlackBerryPlayBook"|""
""|"プレミアムプラン"|"Tuesday"|"9"|"9"|"on"|"off"|"off"|""|"メールでのご連絡"|""|""|"144文字"|"プレミアムツイン"|"936000"|"BlackBerryPlayBook"|""
""|"お得なプラン"|"Monday"|"1"|"1"|"off"|"off"|"on"|""|"電話でのご連絡"|""|""|"off"|"部屋指定なし"|"7000"|"BlackBerryZ30"|""
""|"出張ビジネスプラン"|"Wednesday"|"9"|"1"|"on"|"on"|"on"|""|"電話でのご連絡"|""|""|"144文字"|"シングル"|"82250"|"BlackBerryZ30"|""
""|"プレミアムプラン"|"Saturday"|"9"|"2"|"off"|"off"|"off"|""|"メールでのご連絡"|""|""|"off"|"プレミアムツイン"|"200000"|"BlackBerryZ30"|""
""|"ディナー付きプラン"|"Sunday"|"3"|"4名"|"off"|"off"|"on"|""|"電話でのご連絡"|""|""|"144文字"|"部屋指定なし"|"114500"|"BlackBerryZ30"|""
""|"テーマパーク優待プラン"|"Wednesday"|"5"|"9"|"on"|"off"|"on"|""|"電話でのご連絡"|""|""|"144文字"|"部屋指定なし"|"549000"|"BlackBerryZ30"|""
""|"カップル限定プラン"|"Monday"|"2"|"2"|"on"|"on"|"on"|""|"電話でのご連絡"|""|""|"144文字"|"プレミアムツイン"|"40000"|"GalaxyS5"|""
""|"プレミアムプラン"|"Wednesday"|"1"|"9"|"off"|"on"|"on"|""|"希望しない"|""|""|"off"|"プレミアムツイン"|"108000"|"GalaxyS5"|""
""|"出張ビジネスプラン"|"Monday"|"9"|"1"|"off"|"on"|"off"|""|"電話でのご連絡"|""|""|"144文字"|"シングル"|"72250"|"iPad"|""
""|"プレミアムプラン"|"Sunday"|"1"|"2"|"off"|"on"|"on"|""|"希望しない"|""|""|"144文字"|"プレミアムツイン"|"29000"|"iPad"|""
""|"カップル限定プラン"|"Friday"|"2"|"2"|"on"|"off"|"on"|""|"希望しない"|""|""|"off"|"プレミアムツイン"|"42000"|"iPad"|""
""|"エステ・マッサージプラン"|"Sunday"|"1"|"6"|"off"|"off"|"off"|""|"メールでのご連絡"|""|""|"off"|"部屋指定なし"|"67500"|"iPad"|""
""|"プレミアムプラン"|"Friday"|"9"|"2"|"on"|"off"|"on"|""|"希望しない"|""|""|"144文字"|"プレミアムツイン"|"215000"|"iPad_Mini"|""
""|"ディナー付きプラン"|"Thursday"|"3"|"4名"|"on"|"off"|"off"|""|"希望しない"|""|""|"144文字"|"部屋指定なし"|"122500"|"iPad_Mini"|""
""|"エステ・マッサージプラン"|"Sunday"|"1"|"6"|"off"|"on"|"on"|""|"電話でのご連絡"|""|""|"off"|"部屋指定なし"|"79500"|"iPad_Mini"|""
""|"お得なプラン"|"Thursday"|"9"|"9"|"on"|"off"|"off"|""|"希望しない"|""|""|"off"|"部屋指定なし"|"594000"|"iPad_Mini"|""
""|"貸し切り露天風呂プラン"|"Tuesday"|"1"|"6"|"on"|"off"|"on"|""|"電話でのご連絡"|""|""|"off"|"部屋指定なし"|"66000"|"iPad_PRO"|""
""|"プレミアムプラン"|"Monday"|"1"|"9"|"on"|"off"|"off"|""|"希望しない"|""|""|"off"|"プレミアムツイン"|"99000"|"iPad_PRO"|""
""|"お得なプラン"|"Tuesday"|"1"|"1"|"on"|"on"|"on"|""|"希望しない"|""|""|"144文字"|"部屋指定なし"|"9000"|"iPhone_5"|""
""|"お得な特典付きプラン"|"Wednesday"|"9"|"1"|"on"|"on"|"off"|""|"電話でのご連絡"|""|""|"144文字"|"スタンダードツイン"|"76500"|"iPhone_5"|""
""|"プレミアムプラン"|"Saturday"|"1"|"2"|"off"|"off"|"off"|""|"希望しない"|""|""|"144文字"|"プレミアムツイン"|"25000"|"iPhone_5"|""
""|"カップル限定プラン"|"Sunday"|"2"|"2"|"off"|"on"|"on"|""|"希望しない"|""|""|"144文字"|"プレミアムツイン"|"40000"|"iPhone_5"|""
""|"貸し切り露天風呂プラン"|"Tuesday"|"3"|"1"|"on"|"off"|"on"|""|"メールでのご連絡"|""|""|"144文字"|"部屋指定なし"|"31000"|"iPhone_678"|""
""|"プレミアムプラン"|"Thursday"|"9"|"2"|"on"|"on"|"off"|""|"メールでのご連絡"|""|""|"144文字"|"プレミアムツイン"|"210000"|"iPhone_678"|""
""|"お得なプラン"|"Friday"|"9"|"9"|"on"|"on"|"on"|""|"メールでのご連絡"|""|""|"off"|"部屋指定なし"|"625500"|"iPhone_678"|""
""|"出張ビジネスプラン"|"Sunday"|"1"|"2"|"off"|"on"|"on"|""|"希望しない"|""|""|"144文字"|"シングル"|"22750"|"iPhone_678_PLUS"|""
""|"カップル限定プラン"|"Tuesday"|"2"|"2"|"on"|"on"|"off"|""|"希望しない"|""|""|"144文字"|"プレミアムツイン"|"38000"|"iPhone_678_PLUS"|""
""|"プレミアムプラン"|"Wednesday"|"9"|"2"|"off"|"off"|"off"|""|"メールでのご連絡"|""|""|"off"|"プレミアムツイン"|"190000"|"iPhone_678_PLUS"|""
""|"お得なプラン"|"Saturday"|"1"|"1"|"off"|"off"|"off"|""|"メールでのご連絡"|""|""|"144文字"|"部屋指定なし"|"7500"|"iPhone_X"|""
""|"貸し切り露天風呂プラン"|"Tuesday"|"3"|"1"|"off"|"on"|"on"|""|"メールでのご連絡"|""|""|"off"|"部屋指定なし"|"29000"|"iPhone_X"|""
""|"ディナー付きプラン"|"Wednesday"|"1"|"4名"|"on"|"on"|"on"|""|"メールでのご連絡"|""|""|"off"|"部屋指定なし"|"46000"|"iPhone_X"|""
""|"エステ・マッサージプラン"|"Friday"|"9"|"6"|"off"|"off"|"on"|""|"メールでのご連絡"|""|""|"144文字"|"部屋指定なし"|"532500"|"iPhone_X"|""
""|"プレミアムプラン"|"Saturday"|"1"|"9"|"on"|"off"|"on"|""|"電話でのご連絡"|""|""|"144文字"|"プレミアムツイン"|"130500"|"iPhone_X"|""
""|"テーマパーク優待プラン"|"Thursday"|"5"|"1"|"on"|"off"|"on"|""|"電話でのご連絡"|""|""|"off"|"部屋指定なし"|"61000"|"KindleFireHDX"|""
""|"お得な特典付きプラン"|"Friday"|"9"|"1"|"on"|"on"|"on"|""|"メールでのご連絡"|""|""|"144文字"|"スタンダードツイン"|"79250"|"KindleFireHDX"|""
""|"エステ・マッサージプラン"|"Saturday"|"1"|"6"|"on"|"on"|"off"|""|"メールでのご連絡"|""|""|"off"|"部屋指定なし"|"79500"|"KindleFireHDX"|""
""|"プレミアムプラン"|"Wednesday"|"1"|"9"|"off"|"on"|"off"|""|"希望しない"|""|""|"off"|"プレミアムツイン"|"99000"|"KindleFireHDX"|""
""|"お得な特典付きプラン"|"Thursday"|"9"|"1"|"on"|"off"|"on"|""|"電話でのご連絡"|""|""|"off"|"スタンダードツイン"|"76500"|"LaptopHiDPI"|""
""|"プレミアムプラン"|"Friday"|"9"|"2"|"off"|"off"|"on"|""|"メールでのご連絡"|""|""|"144文字"|"プレミアムツイン"|"197000"|"LaptopHiDPI"|""
""|"ディナー付きプラン"|"Monday"|"3"|"4名"|"off"|"on"|"on"|""|"メールでのご連絡"|""|""|"144文字"|"部屋指定なし"|"110000"|"LaptopHiDPI"|""
""|"エステ・マッサージプラン"|"Tuesday"|"9"|"6"|"on"|"on"|"off"|""|"電話でのご連絡"|""|""|"144文字"|"部屋指定なし"|"573000"|"LaptopHiDPI"|""
""|"お得なプラン"|"Sunday"|"1"|"9"|"off"|"on"|"off"|""|"希望しない"|""|""|"off"|"部屋指定なし"|"76500"|"LaptopHiDPI"|""
""|"お得なプラン"|"Wednesday"|"9"|"1"|"on"|"off"|"off"|""|"電話でのご連絡"|""|""|"off"|"部屋指定なし"|"66000"|"Laptoptouch"|""
""|"出張ビジネスプラン"|"Friday"|"1"|"2"|"on"|"off"|"on"|""|"電話でのご連絡"|""|""|"off"|"シングル"|"19000"|"Laptoptouch"|""
""|"カップル限定プラン"|"Tuesday"|"2"|"2"|"off"|"off"|"off"|""|"メールでのご連絡"|""|""|"off"|"プレミアムツイン"|"32000"|"Laptoptouch"|""
""|"ディナー付きプラン"|"Wednesday"|"3"|"4名"|"on"|"on"|"on"|""|"電話でのご連絡"|""|""|"144文字"|"部屋指定なし"|"122000"|"Laptoptouch"|""
""|"エステ・マッサージプラン"|"Sunday"|"9"|"6"|"off"|"off"|"on"|""|"電話でのご連絡"|""|""|"144文字"|"部屋指定なし"|"532500"|"Laptoptouch"|""
""|"プレミアムプラン"|"Tuesday"|"1"|"9"|"on"|"on"|"on"|""|"希望しない"|""|""|"144文字"|"プレミアムツイン"|"117000"|"Laptoptouch"|""
""|"お得な特典付きプラン"|"Saturday"|"9"|"9"|"on"|"off"|"off"|""|"メールでのご連絡"|""|""|"144文字"|"スタンダードツイン"|"711000"|"Laptoptouch"|""
""|"プレミアムプラン"|"Friday"|"1"|"9"|"on"|"on"|"on"|""|"希望しない"|""|""|"144文字"|"プレミアムツイン"|"117000"|"MicrosoftLumia950"|""
""|"貸し切り露天風呂プラン"|"Sunday"|"3"|"1"|"off"|"off"|"on"|""|"希望しない"|""|""|"144文字"|"部屋指定なし"|"30250"|"MotoG4"|""
""|"プレミアムプラン"|"Monday"|"1"|"2"|"off"|"on"|"on"|""|"電話でのご連絡"|""|""|"off"|"プレミアムツイン"|"24000"|"MotoG4"|""
""|"お得なプラン"|"Friday"|"1"|"9"|"off"|"on"|"off"|""|"希望しない"|""|""|"off"|"部屋指定なし"|"63000"|"MotoG4"|""
""|"テーマパーク優待プラン"|"Tuesday"|"5"|"9"|"off"|"on"|"off"|""|"希望しない"|""|""|"144文字"|"部屋指定なし"|"481500"|"MotoG4"|""
""|"貸し切り露天風呂プラン"|"Thursday"|"3"|"1"|"off"|"on"|"on"|""|"メールでのご連絡"|""|""|"off"|"部屋指定なし"|"31250"|"Nexus10"|""
""|"テーマパーク優待プラン"|"Sunday"|"5"|"1"|"off"|"off"|"off"|""|"電話でのご連絡"|""|""|"off"|"部屋指定なし"|"52500"|"Nexus10"|""
""|"ディナー付きプラン"|"Friday"|"3"|"4名"|"on"|"off"|"off"|""|"希望しない"|""|""|"off"|"部屋指定なし"|"131000"|"Nexus10"|""
""|"プレミアムプラン"|"Friday"|"1"|"9"|"on"|"on"|"on"|""|"電話でのご連絡"|""|""|"144文字"|"プレミアムツイン"|"117000"|"Nexus10"|""
""|"ディナー付きプラン"|"Tuesday"|"1"|"4名"|"on"|"off"|"off"|""|"メールでのご連絡"|""|""|"off"|"部屋指定なし"|"38000"|"Nexus4"|""
""|"プレミアムプラン"|"Sunday"|"1"|"9"|"on"|"on"|"on"|""|"電話でのご連絡"|""|""|"144文字"|"プレミアムツイン"|"139500"|"Nexus4"|""
""|"テーマパーク優待プラン"|"Monday"|"5"|"9"|"off"|"on"|"on"|""|"電話でのご連絡"|""|""|"off"|"部屋指定なし"|"468000"|"Nexus4"|""
""|"テーマパーク優待プラン"|"Tuesday"|"5"|"1"|"off"|"on"|"off"|""|"希望しない"|""|""|"144文字"|"部屋指定なし"|"53500"|"Nexus5"|""
""|"素泊まり"|"Sunday"|"9"|"1"|"on"|"on"|"on"|""|"電話でのご連絡"|""|""|"off"|"シングル"|"64625"|"Nexus5"|""
""|"出張ビジネスプラン"|"Thursday"|"9"|"2"|"on"|"off"|"off"|""|"希望しない"|""|""|"144文字"|"シングル"|"160500"|"Nexus5"|""
""|"お得なプラン"|"Saturday"|"1"|"9"|"on"|"off"|"off"|""|"電話でのご連絡"|""|""|"144文字"|"部屋指定なし"|"76500"|"Nexus5"|""
""|"お得な特典付きプラン"|"Monday"|"9"|"9"|"off"|"on"|"on"|""|"希望しない"|""|""|"144文字"|"スタンダードツイン"|"616500"|"Nexus5"|""
""|"プレミアムプラン"|"Thursday"|"9"|"9"|"on"|"on"|"off"|""|"希望しない"|""|""|"off"|"プレミアムツイン"|"945000"|"Nexus5"|""
""|"お得な特典付きプラン"|"Monday"|"1"|"1"|"off"|"off"|"on"|""|"希望しない"|""|""|"off"|"スタンダードツイン"|"8000"|"Nexus5X"|""
""|"プレミアムプラン"|"Saturday"|"9"|"9"|"on"|"on"|"on"|""|"電話でのご連絡"|""|""|"144文字"|"プレミアムツイン"|"999000"|"Nexus5X"|""
""|"素泊まり"|"Monday"|"1"|"1"|"on"|"on"|"off"|""|"希望しない"|""|""|"off"|"シングル"|"7500"|"Nexus6"|""
""|"お得なプラン"|"Thursday"|"9"|"1"|"off"|"on"|"off"|""|"希望しない"|""|""|"off"|"部屋指定なし"|"58000"|"Nexus6"|""
""|"プレミアムプラン"|"Saturday"|"9"|"2"|"off"|"on"|"off"|""|"電話でのご連絡"|""|""|"144文字"|"プレミアムツイン"|"202000"|"Nexus6"|""
""|"ディナー付きプラン"|"Wednesday"|"3"|"4名"|"off"|"on"|"off"|""|"希望しない"|""|""|"off"|"部屋指定なし"|"106000"|"Nexus6"|""
""|"お得な特典付きプラン"|"Sunday"|"9"|"9"|"off"|"off"|"off"|""|"電話でのご連絡"|""|""|"144文字"|"スタンダードツイン"|"614250"|"Nexus6"|""
""|"素泊まり"|"Thursday"|"1"|"1"|"on"|"off"|"off"|""|"電話でのご連絡"|""|""|"off"|"シングル"|"6500"|"Nexus6P"|""
""|"出張ビジネスプラン"|"Monday"|"9"|"1"|"off"|"on"|"off"|""|"希望しない"|""|""|"off"|"シングル"|"72250"|"Nexus6P"|""
""|"プレミアムプラン"|"Sunday"|"9"|"2"|"on"|"on"|"off"|""|"電話でのご連絡"|""|""|"144文字"|"プレミアムツイン"|"215000"|"Nexus6P"|""
""|"ディナー付きプラン"|"Monday"|"3"|"4名"|"off"|"on"|"off"|""|"電話でのご連絡"|""|""|"off"|"部屋指定なし"|"106000"|"Nexus6P"|""
""|"貸し切り露天風呂プラン"|"Thursday"|"3"|"6"|"on"|"off"|"off"|""|"電話でのご連絡"|""|""|"144文字"|"部屋指定なし"|"193500"|"Nexus6P"|""
""|"エステ・マッサージプラン"|"Wednesday"|"9"|"6"|"on"|"on"|"on"|""|"メールでのご連絡"|""|""|"144文字"|"部屋指定なし"|"579000"|"Nexus6P"|""
""|"プレミアムプラン"|"Wednesday"|"9"|"2"|"on"|"on"|"on"|""|"希望しない"|""|""|"144文字"|"プレミアムツイン"|"212000"|"Nexus7"|""
""|"ディナー付きプラン"|"Saturday"|"1"|"4名"|"off"|"off"|"on"|""|"希望しない"|""|""|"off"|"部屋指定なし"|"46500"|"Nexus7"|""
""|"お得なプラン"|"Wednesday"|"9"|"9"|"off"|"off"|"off"|""|"希望しない"|""|""|"off"|"部屋指定なし"|"513000"|"Nexus7"|""
""|"お得な特典付きプラン"|"Wednesday"|"1"|"1"|"on"|"off"|"off"|""|"メールでのご連絡"|""|""|"off"|"スタンダードツイン"|"8000"|"NokiaN9"|""
""|"出張ビジネスプラン"|"Saturday"|"9"|"1"|"off"|"off"|"off"|""|"メールでのご連絡"|""|""|"off"|"シングル"|"75000"|"NokiaN9"|""
""|"プレミアムプラン"|"Sunday"|"9"|"2"|"on"|"off"|"on"|""|"希望しない"|""|""|"off"|"プレミアムツイン"|"215000"|"NokiaN9"|""
""|"ディナー付きプラン"|"Saturday"|"1"|"4名"|"off"|"on"|"on"|""|"希望しない"|""|""|"144文字"|"部屋指定なし"|"50500"|"NokiaN9"|""
""|"素泊まり"|"Saturday"|"1"|"2"|"on"|"on"|"on"|""|"電話でのご連絡"|""|""|"off"|"シングル"|"19750"|"Pixel2"|""
""|"エステ・マッサージプラン"|"Thursday"|"1"|"6"|"off"|"off"|"on"|""|"希望しない"|""|""|"144文字"|"部屋指定なし"|"60000"|"Pixel2"|""
""|"プレミアムプラン"|"Tuesday"|"1"|"9"|"off"|"on"|"on"|""|"メールでのご連絡"|""|""|"off"|"プレミアムツイン"|"108000"|"Pixel2"|""
""|"お得なプラン"|"Wednesday"|"9"|"9"|"off"|"off"|"on"|""|"メールでのご連絡"|""|""|"144文字"|"部屋指定なし"|"522000"|"Pixel2"|""
""|"プレミアムプラン"|"Saturday"|"1"|"2"|"on"|"on"|"off"|""|"希望しない"|""|""|"off"|"プレミアムツイン"|"29000"|"Pixel2_XL"|""
""|"カップル限定プラン"|"Saturday"|"2"|"2"|"off"|"off"|"on"|""|"メールでのご連絡"|""|""|"144文字"|"プレミアムツイン"|"42000"|"Pixel2_XL"|""
""|"お得なプラン"|"Thursday"|"1"|"9"|"off"|"off"|"off"|""|"メールでのご連絡"|""|""|"off"|"部屋指定なし"|"54000"|"Pixel2_XL"|""
